solver,result,count,theory,family
cvc4-1.5,sat,981961,Arrays,CVC4/5
cvc4-1.6,sat,981961,Arrays,CVC4/5
cvc4-1.7,sat,981961,Arrays,CVC4/5
cvc4-1.8,sat,981962,Arrays,CVC4/5
cvc5-0.0.10,sat,985172,Arrays,CVC4/5
cvc5-0.0.11,sat,985172,Arrays,CVC4/5
cvc5-0.0.12,sat,985172,Arrays,CVC4/5
cvc5-0.0.2,sat,985172,Arrays,CVC4/5
cvc5-0.0.3,sat,985172,Arrays,CVC4/5
cvc5-0.0.4,sat,985172,Arrays,CVC4/5
cvc5-0.0.5,sat,985172,Arrays,CVC4/5
cvc5-0.0.6,sat,985172,Arrays,CVC4/5
cvc5-0.0.7,sat,985172,Arrays,CVC4/5
cvc5-0.0.8,sat,985172,Arrays,CVC4/5
cvc5-1.0.0,sat,985172,Arrays,CVC4/5
cvc5-1.0.1,sat,985172,Arrays,CVC4/5
cvc5-1.0.2,sat,985172,Arrays,CVC4/5
cvc5-1.0.3,sat,985384,Arrays,CVC4/5
cvc5-1.0.4,sat,985384,Arrays,CVC4/5
cvc5-1.0.5,sat,985384,Arrays,CVC4/5
cvc5-1.0.6,sat,971796,Arrays,CVC4/5
cvc5-1.0.7,sat,971796,Arrays,CVC4/5
cvc5-1.0.8,sat,971796,Arrays,CVC4/5
cvc5-1.0.9,sat,971796,Arrays,CVC4/5
cvc5-1.1.0,sat,971796,Arrays,CVC4/5
cvc5-1.1.1,sat,971796,Arrays,CVC4/5
cvc5-1.1.2,sat,971796,Arrays,CVC4/5
z3-4.10.0,sat,985392,Arrays,Z3
z3-4.10.1,sat,985392,Arrays,Z3
z3-4.10.2,sat,985392,Arrays,Z3
z3-4.11.0,sat,985390,Arrays,Z3
z3-4.11.2,sat,985392,Arrays,Z3
z3-4.12.0,sat,985392,Arrays,Z3
z3-4.12.1,sat,985392,Arrays,Z3
z3-4.12.2,sat,985392,Arrays,Z3
z3-4.12.3,sat,985392,Arrays,Z3
z3-4.12.4,sat,985392,Arrays,Z3
z3-4.12.5,sat,985392,Arrays,Z3
z3-4.12.6,sat,985392,Arrays,Z3
z3-4.13.0,sat,985392,Arrays,Z3
z3-4.5.0,sat,985392,Arrays,Z3
z3-4.6.0,sat,985392,Arrays,Z3
z3-4.7.1,sat,985392,Arrays,Z3
z3-4.8.1,sat,985392,Arrays,Z3
z3-4.8.10,sat,985392,Arrays,Z3
z3-4.8.11,sat,985392,Arrays,Z3
z3-4.8.12,sat,985392,Arrays,Z3
z3-4.8.13,sat,985392,Arrays,Z3
z3-4.8.14,sat,985392,Arrays,Z3
z3-4.8.15,sat,985392,Arrays,Z3
z3-4.8.16,sat,985392,Arrays,Z3
z3-4.8.17,sat,985392,Arrays,Z3
z3-4.8.3,sat,985392,Arrays,Z3
z3-4.8.4,sat,985392,Arrays,Z3
z3-4.8.5,sat,985392,Arrays,Z3
z3-4.8.6,sat,985392,Arrays,Z3
z3-4.8.7,sat,985392,Arrays,Z3
z3-4.8.8,sat,985392,Arrays,Z3
z3-4.8.9,sat,985392,Arrays,Z3
z3-4.9.0,sat,985392,Arrays,Z3
z3-4.9.1,sat,985392,Arrays,Z3
cvc4-1.5,unsat,14604,Arrays,CVC4/5
cvc4-1.6,unsat,14604,Arrays,CVC4/5
cvc4-1.7,unsat,14604,Arrays,CVC4/5
cvc4-1.8,unsat,14604,Arrays,CVC4/5
cvc5-0.0.10,unsat,14464,Arrays,CVC4/5
cvc5-0.0.11,unsat,14464,Arrays,CVC4/5
cvc5-0.0.12,unsat,14464,Arrays,CVC4/5
cvc5-0.0.2,unsat,14464,Arrays,CVC4/5
cvc5-0.0.3,unsat,14464,Arrays,CVC4/5
cvc5-0.0.4,unsat,14464,Arrays,CVC4/5
cvc5-0.0.5,unsat,14464,Arrays,CVC4/5
cvc5-0.0.6,unsat,14464,Arrays,CVC4/5
cvc5-0.0.7,unsat,14464,Arrays,CVC4/5
cvc5-0.0.8,unsat,14464,Arrays,CVC4/5
cvc5-1.0.0,unsat,14464,Arrays,CVC4/5
cvc5-1.0.1,unsat,14464,Arrays,CVC4/5
cvc5-1.0.2,unsat,14464,Arrays,CVC4/5
cvc5-1.0.3,unsat,14608,Arrays,CVC4/5
cvc5-1.0.4,unsat,14608,Arrays,CVC4/5
cvc5-1.0.5,unsat,14608,Arrays,CVC4/5
cvc5-1.0.6,unsat,14608,Arrays,CVC4/5
cvc5-1.0.7,unsat,14608,Arrays,CVC4/5
cvc5-1.0.8,unsat,14608,Arrays,CVC4/5
cvc5-1.0.9,unsat,14608,Arrays,CVC4/5
cvc5-1.1.0,unsat,14608,Arrays,CVC4/5
cvc5-1.1.1,unsat,14608,Arrays,CVC4/5
cvc5-1.1.2,unsat,14608,Arrays,CVC4/5
z3-4.10.0,unsat,14608,Arrays,Z3
z3-4.10.1,unsat,14608,Arrays,Z3
z3-4.10.2,unsat,14608,Arrays,Z3
z3-4.11.0,unsat,14608,Arrays,Z3
z3-4.11.2,unsat,14608,Arrays,Z3
z3-4.12.0,unsat,14608,Arrays,Z3
z3-4.12.1,unsat,14608,Arrays,Z3
z3-4.12.2,unsat,14608,Arrays,Z3
z3-4.12.3,unsat,14608,Arrays,Z3
z3-4.12.4,unsat,14608,Arrays,Z3
z3-4.12.5,unsat,14608,Arrays,Z3
z3-4.12.6,unsat,14608,Arrays,Z3
z3-4.13.0,unsat,14608,Arrays,Z3
z3-4.5.0,unsat,14608,Arrays,Z3
z3-4.6.0,unsat,14608,Arrays,Z3
z3-4.7.1,unsat,14608,Arrays,Z3
z3-4.8.1,unsat,14608,Arrays,Z3
z3-4.8.10,unsat,14608,Arrays,Z3
z3-4.8.11,unsat,14608,Arrays,Z3
z3-4.8.12,unsat,14608,Arrays,Z3
z3-4.8.13,unsat,14608,Arrays,Z3
z3-4.8.14,unsat,14608,Arrays,Z3
z3-4.8.15,unsat,14608,Arrays,Z3
z3-4.8.16,unsat,14608,Arrays,Z3
z3-4.8.17,unsat,14608,Arrays,Z3
z3-4.8.3,unsat,14608,Arrays,Z3
z3-4.8.4,unsat,14608,Arrays,Z3
z3-4.8.5,unsat,14608,Arrays,Z3
z3-4.8.6,unsat,14608,Arrays,Z3
z3-4.8.7,unsat,14608,Arrays,Z3
z3-4.8.8,unsat,14608,Arrays,Z3
z3-4.8.9,unsat,14608,Arrays,Z3
z3-4.9.0,unsat,14608,Arrays,Z3
z3-4.9.1,unsat,14608,Arrays,Z3
cvc5-0.0.10,rejected,28,Arrays,CVC4/5
cvc5-0.0.11,rejected,28,Arrays,CVC4/5
cvc5-0.0.12,rejected,28,Arrays,CVC4/5
cvc5-0.0.2,rejected,28,Arrays,CVC4/5
cvc5-0.0.3,rejected,28,Arrays,CVC4/5
cvc5-0.0.4,rejected,28,Arrays,CVC4/5
cvc5-0.0.5,rejected,28,Arrays,CVC4/5
cvc5-0.0.6,rejected,28,Arrays,CVC4/5
cvc5-0.0.7,rejected,28,Arrays,CVC4/5
cvc5-0.0.8,rejected,28,Arrays,CVC4/5
cvc5-1.0.0,rejected,28,Arrays,CVC4/5
cvc5-1.0.1,rejected,28,Arrays,CVC4/5
cvc5-1.0.2,rejected,28,Arrays,CVC4/5
cvc4-1.5,crash,3435,Arrays,CVC4/5
cvc4-1.6,crash,3435,Arrays,CVC4/5
cvc4-1.7,crash,3435,Arrays,CVC4/5
cvc4-1.8,invmodel,3434,Arrays,CVC4/5
cvc5-0.0.10,invmodel,336,Arrays,CVC4/5
cvc5-0.0.11,invmodel,336,Arrays,CVC4/5
cvc5-0.0.12,invmodel,336,Arrays,CVC4/5
cvc5-0.0.2,invmodel,336,Arrays,CVC4/5
cvc5-0.0.3,invmodel,336,Arrays,CVC4/5
cvc5-0.0.4,invmodel,336,Arrays,CVC4/5
cvc5-0.0.5,invmodel,336,Arrays,CVC4/5
cvc5-0.0.6,invmodel,336,Arrays,CVC4/5
cvc5-0.0.7,invmodel,336,Arrays,CVC4/5
cvc5-0.0.8,invmodel,336,Arrays,CVC4/5
cvc5-1.0.0,invmodel,336,Arrays,CVC4/5
cvc5-1.0.1,invmodel,336,Arrays,CVC4/5
cvc5-1.0.2,invmodel,336,Arrays,CVC4/5
cvc5-1.0.3,invmodel,8,Arrays,CVC4/5
cvc5-1.0.4,invmodel,8,Arrays,CVC4/5
cvc5-1.0.5,invmodel,8,Arrays,CVC4/5
cvc5-1.0.6,invmodel,13596,Arrays,CVC4/5
cvc5-1.0.7,invmodel,13596,Arrays,CVC4/5
cvc5-1.0.8,invmodel,13596,Arrays,CVC4/5
cvc5-1.0.9,invmodel,13596,Arrays,CVC4/5
cvc5-1.1.0,invmodel,13596,Arrays,CVC4/5
cvc5-1.1.1,invmodel,13596,Arrays,CVC4/5
cvc5-1.1.2,invmodel,13596,Arrays,CVC4/5
cvc4-1.5,sat,658760,Bitvectors,CVC4/5
cvc4-1.6,sat,617186,Bitvectors,CVC4/5
cvc4-1.7,sat,658960,Bitvectors,CVC4/5
cvc4-1.8,sat,646015,Bitvectors,CVC4/5
cvc5-0.0.10,sat,615809,Bitvectors,CVC4/5
cvc5-0.0.11,sat,615828,Bitvectors,CVC4/5
cvc5-0.0.12,sat,615818,Bitvectors,CVC4/5
cvc5-0.0.2,sat,615815,Bitvectors,CVC4/5
cvc5-0.0.3,sat,615759,Bitvectors,CVC4/5
cvc5-0.0.4,sat,615814,Bitvectors,CVC4/5
cvc5-0.0.5,sat,615858,Bitvectors,CVC4/5
cvc5-0.0.6,sat,615847,Bitvectors,CVC4/5
cvc5-0.0.7,sat,615837,Bitvectors,CVC4/5
cvc5-0.0.8,sat,615809,Bitvectors,CVC4/5
cvc5-1.0.0,sat,615820,Bitvectors,CVC4/5
cvc5-1.0.1,sat,620469,Bitvectors,CVC4/5
cvc5-1.0.2,sat,620454,Bitvectors,CVC4/5
cvc5-1.0.3,sat,624210,Bitvectors,CVC4/5
cvc5-1.0.4,sat,624258,Bitvectors,CVC4/5
cvc5-1.0.5,sat,624235,Bitvectors,CVC4/5
cvc5-1.0.6,sat,624225,Bitvectors,CVC4/5
cvc5-1.0.7,sat,624274,Bitvectors,CVC4/5
cvc5-1.0.8,sat,624243,Bitvectors,CVC4/5
cvc5-1.0.9,sat,624019,Bitvectors,CVC4/5
cvc5-1.1.0,sat,624074,Bitvectors,CVC4/5
cvc5-1.1.1,sat,624224,Bitvectors,CVC4/5
cvc5-1.1.2,sat,624132,Bitvectors,CVC4/5
z3-4.10.0,sat,647868,Bitvectors,Z3
z3-4.10.1,sat,648071,Bitvectors,Z3
z3-4.10.2,sat,648116,Bitvectors,Z3
z3-4.11.0,sat,647907,Bitvectors,Z3
z3-4.11.2,sat,647940,Bitvectors,Z3
z3-4.12.0,sat,609026,Bitvectors,Z3
z3-4.12.1,sat,609002,Bitvectors,Z3
z3-4.12.2,sat,608982,Bitvectors,Z3
z3-4.12.3,sat,608758,Bitvectors,Z3
z3-4.12.4,sat,608733,Bitvectors,Z3
z3-4.12.5,sat,608836,Bitvectors,Z3
z3-4.12.6,sat,608857,Bitvectors,Z3
z3-4.13.0,sat,608855,Bitvectors,Z3
z3-4.5.0,sat,664237,Bitvectors,Z3
z3-4.6.0,sat,669518,Bitvectors,Z3
z3-4.7.1,sat,668648,Bitvectors,Z3
z3-4.8.1,sat,677014,Bitvectors,Z3
z3-4.8.10,sat,667753,Bitvectors,Z3
z3-4.8.11,sat,648451,Bitvectors,Z3
z3-4.8.12,sat,647056,Bitvectors,Z3
z3-4.8.13,sat,648219,Bitvectors,Z3
z3-4.8.14,sat,648233,Bitvectors,Z3
z3-4.8.15,sat,648321,Bitvectors,Z3
z3-4.8.16,sat,648204,Bitvectors,Z3
z3-4.8.17,sat,648160,Bitvectors,Z3
z3-4.8.3,sat,674513,Bitvectors,Z3
z3-4.8.4,sat,674198,Bitvectors,Z3
z3-4.8.5,sat,654640,Bitvectors,Z3
z3-4.8.6,sat,647987,Bitvectors,Z3
z3-4.8.7,sat,648518,Bitvectors,Z3
z3-4.8.8,sat,649553,Bitvectors,Z3
z3-4.8.9,sat,638311,Bitvectors,Z3
z3-4.9.0,sat,648018,Bitvectors,Z3
z3-4.9.1,sat,648065,Bitvectors,Z3
cvc4-1.5,unsat,261167,Bitvectors,CVC4/5
cvc4-1.6,unsat,287838,Bitvectors,CVC4/5
cvc4-1.7,unsat,289300,Bitvectors,CVC4/5
cvc4-1.8,unsat,288888,Bitvectors,CVC4/5
cvc5-0.0.10,unsat,285655,Bitvectors,CVC4/5
cvc5-0.0.11,unsat,285654,Bitvectors,CVC4/5
cvc5-0.0.12,unsat,285647,Bitvectors,CVC4/5
cvc5-0.0.2,unsat,285630,Bitvectors,CVC4/5
cvc5-0.0.3,unsat,285638,Bitvectors,CVC4/5
cvc5-0.0.4,unsat,285651,Bitvectors,CVC4/5
cvc5-0.0.5,unsat,285659,Bitvectors,CVC4/5
cvc5-0.0.6,unsat,285662,Bitvectors,CVC4/5
cvc5-0.0.7,unsat,285654,Bitvectors,CVC4/5
cvc5-0.0.8,unsat,285652,Bitvectors,CVC4/5
cvc5-1.0.0,unsat,285651,Bitvectors,CVC4/5
cvc5-1.0.1,unsat,286407,Bitvectors,CVC4/5
cvc5-1.0.2,unsat,286410,Bitvectors,CVC4/5
cvc5-1.0.3,unsat,287670,Bitvectors,CVC4/5
cvc5-1.0.4,unsat,287665,Bitvectors,CVC4/5
cvc5-1.0.5,unsat,287665,Bitvectors,CVC4/5
cvc5-1.0.6,unsat,287686,Bitvectors,CVC4/5
cvc5-1.0.7,unsat,287678,Bitvectors,CVC4/5
cvc5-1.0.8,unsat,287688,Bitvectors,CVC4/5
cvc5-1.0.9,unsat,287678,Bitvectors,CVC4/5
cvc5-1.1.0,unsat,287678,Bitvectors,CVC4/5
cvc5-1.1.1,unsat,287676,Bitvectors,CVC4/5
cvc5-1.1.2,unsat,287674,Bitvectors,CVC4/5
z3-4.10.0,unsat,286937,Bitvectors,Z3
z3-4.10.1,unsat,286941,Bitvectors,Z3
z3-4.10.2,unsat,286943,Bitvectors,Z3
z3-4.11.0,unsat,286918,Bitvectors,Z3
z3-4.11.2,unsat,286936,Bitvectors,Z3
z3-4.12.0,unsat,283534,Bitvectors,Z3
z3-4.12.1,unsat,283525,Bitvectors,Z3
z3-4.12.2,unsat,283530,Bitvectors,Z3
z3-4.12.3,unsat,283534,Bitvectors,Z3
z3-4.12.4,unsat,283540,Bitvectors,Z3
z3-4.12.5,unsat,283548,Bitvectors,Z3
z3-4.12.6,unsat,283554,Bitvectors,Z3
z3-4.13.0,unsat,283554,Bitvectors,Z3
z3-4.5.0,unsat,287821,Bitvectors,Z3
z3-4.6.0,unsat,290933,Bitvectors,Z3
z3-4.7.1,unsat,290917,Bitvectors,Z3
z3-4.8.1,unsat,291273,Bitvectors,Z3
z3-4.8.10,unsat,289760,Bitvectors,Z3
z3-4.8.11,unsat,286991,Bitvectors,Z3
z3-4.8.12,unsat,286952,Bitvectors,Z3
z3-4.8.13,unsat,286932,Bitvectors,Z3
z3-4.8.14,unsat,286943,Bitvectors,Z3
z3-4.8.15,unsat,286949,Bitvectors,Z3
z3-4.8.16,unsat,286951,Bitvectors,Z3
z3-4.8.17,unsat,286939,Bitvectors,Z3
z3-4.8.3,unsat,291346,Bitvectors,Z3
z3-4.8.4,unsat,291319,Bitvectors,Z3
z3-4.8.5,unsat,288963,Bitvectors,Z3
z3-4.8.6,unsat,287790,Bitvectors,Z3
z3-4.8.7,unsat,287866,Bitvectors,Z3
z3-4.8.8,unsat,288355,Bitvectors,Z3
z3-4.8.9,unsat,286702,Bitvectors,Z3
z3-4.9.0,unsat,286928,Bitvectors,Z3
z3-4.9.1,unsat,286939,Bitvectors,Z3
z3-4.5.0,rejected,6272,Bitvectors,Z3
cvc4-1.5,crash,4,Bitvectors,CVC4/5
cvc4-1.6,crash,10,Bitvectors,CVC4/5
cvc4-1.5,unsoundness,29797,Bitvectors,CVC4/5
cvc5-1.0.4,invmodel,16,Bitvectors,CVC4/5
cvc5-1.0.5,invmodel,16,Bitvectors,CVC4/5
cvc4-1.5,sat,824251,Core,CVC4/5
cvc4-1.6,sat,824251,Core,CVC4/5
cvc4-1.7,sat,824251,Core,CVC4/5
cvc4-1.8,sat,824251,Core,CVC4/5
cvc5-0.0.10,sat,824251,Core,CVC4/5
cvc5-0.0.11,sat,824251,Core,CVC4/5
cvc5-0.0.12,sat,824251,Core,CVC4/5
cvc5-0.0.2,sat,824251,Core,CVC4/5
cvc5-0.0.3,sat,824251,Core,CVC4/5
cvc5-0.0.4,sat,824251,Core,CVC4/5
cvc5-0.0.5,sat,824251,Core,CVC4/5
cvc5-0.0.6,sat,824251,Core,CVC4/5
cvc5-0.0.7,sat,824251,Core,CVC4/5
cvc5-0.0.8,sat,824251,Core,CVC4/5
cvc5-1.0.0,sat,824251,Core,CVC4/5
cvc5-1.0.1,sat,824251,Core,CVC4/5
cvc5-1.0.2,sat,824251,Core,CVC4/5
cvc5-1.0.3,sat,824251,Core,CVC4/5
cvc5-1.0.4,sat,824251,Core,CVC4/5
cvc5-1.0.5,sat,824251,Core,CVC4/5
cvc5-1.0.6,sat,824251,Core,CVC4/5
cvc5-1.0.7,sat,824251,Core,CVC4/5
cvc5-1.0.8,sat,824251,Core,CVC4/5
cvc5-1.0.9,sat,824251,Core,CVC4/5
cvc5-1.1.0,sat,824251,Core,CVC4/5
cvc5-1.1.1,sat,824251,Core,CVC4/5
cvc5-1.1.2,sat,824251,Core,CVC4/5
z3-4.10.0,sat,824251,Core,Z3
z3-4.10.1,sat,824251,Core,Z3
z3-4.10.2,sat,824251,Core,Z3
z3-4.11.0,sat,824251,Core,Z3
z3-4.11.2,sat,824251,Core,Z3
z3-4.12.0,sat,824251,Core,Z3
z3-4.12.1,sat,824251,Core,Z3
z3-4.12.2,sat,824251,Core,Z3
z3-4.12.3,sat,824251,Core,Z3
z3-4.12.4,sat,824251,Core,Z3
z3-4.12.5,sat,824251,Core,Z3
z3-4.12.6,sat,824251,Core,Z3
z3-4.13.0,sat,824251,Core,Z3
z3-4.5.0,sat,824251,Core,Z3
z3-4.6.0,sat,824251,Core,Z3
z3-4.7.1,sat,824251,Core,Z3
z3-4.8.1,sat,822509,Core,Z3
z3-4.8.10,sat,824251,Core,Z3
z3-4.8.11,sat,824251,Core,Z3
z3-4.8.12,sat,824251,Core,Z3
z3-4.8.13,sat,824251,Core,Z3
z3-4.8.14,sat,824251,Core,Z3
z3-4.8.15,sat,824251,Core,Z3
z3-4.8.16,sat,824251,Core,Z3
z3-4.8.17,sat,824251,Core,Z3
z3-4.8.3,sat,822509,Core,Z3
z3-4.8.4,sat,822509,Core,Z3
z3-4.8.5,sat,822509,Core,Z3
z3-4.8.6,sat,822492,Core,Z3
z3-4.8.7,sat,822492,Core,Z3
z3-4.8.8,sat,824251,Core,Z3
z3-4.8.9,sat,824251,Core,Z3
z3-4.9.0,sat,824251,Core,Z3
z3-4.9.1,sat,824251,Core,Z3
cvc4-1.5,unsat,175749,Core,CVC4/5
cvc4-1.6,unsat,175749,Core,CVC4/5
cvc4-1.7,unsat,175749,Core,CVC4/5
cvc4-1.8,unsat,175749,Core,CVC4/5
cvc5-0.0.10,unsat,175749,Core,CVC4/5
cvc5-0.0.11,unsat,175749,Core,CVC4/5
cvc5-0.0.12,unsat,175749,Core,CVC4/5
cvc5-0.0.2,unsat,175749,Core,CVC4/5
cvc5-0.0.3,unsat,175749,Core,CVC4/5
cvc5-0.0.4,unsat,175749,Core,CVC4/5
cvc5-0.0.5,unsat,175749,Core,CVC4/5
cvc5-0.0.6,unsat,175749,Core,CVC4/5
cvc5-0.0.7,unsat,175749,Core,CVC4/5
cvc5-0.0.8,unsat,175749,Core,CVC4/5
cvc5-1.0.0,unsat,175749,Core,CVC4/5
cvc5-1.0.1,unsat,175749,Core,CVC4/5
cvc5-1.0.2,unsat,175749,Core,CVC4/5
cvc5-1.0.3,unsat,175749,Core,CVC4/5
cvc5-1.0.4,unsat,175749,Core,CVC4/5
cvc5-1.0.5,unsat,175749,Core,CVC4/5
cvc5-1.0.6,unsat,175749,Core,CVC4/5
cvc5-1.0.7,unsat,175749,Core,CVC4/5
cvc5-1.0.8,unsat,175749,Core,CVC4/5
cvc5-1.0.9,unsat,175749,Core,CVC4/5
cvc5-1.1.0,unsat,175749,Core,CVC4/5
cvc5-1.1.1,unsat,175749,Core,CVC4/5
cvc5-1.1.2,unsat,175749,Core,CVC4/5
z3-4.10.0,unsat,175749,Core,Z3
z3-4.10.1,unsat,175749,Core,Z3
z3-4.10.2,unsat,175749,Core,Z3
z3-4.11.0,unsat,175749,Core,Z3
z3-4.11.2,unsat,175749,Core,Z3
z3-4.12.0,unsat,175749,Core,Z3
z3-4.12.1,unsat,175749,Core,Z3
z3-4.12.2,unsat,175749,Core,Z3
z3-4.12.3,unsat,175749,Core,Z3
z3-4.12.4,unsat,175749,Core,Z3
z3-4.12.5,unsat,175749,Core,Z3
z3-4.12.6,unsat,175749,Core,Z3
z3-4.13.0,unsat,175749,Core,Z3
z3-4.5.0,unsat,175749,Core,Z3
z3-4.6.0,unsat,175749,Core,Z3
z3-4.7.1,unsat,175749,Core,Z3
z3-4.8.1,unsat,175749,Core,Z3
z3-4.8.10,unsat,175749,Core,Z3
z3-4.8.11,unsat,175749,Core,Z3
z3-4.8.12,unsat,175749,Core,Z3
z3-4.8.13,unsat,175749,Core,Z3
z3-4.8.14,unsat,175749,Core,Z3
z3-4.8.15,unsat,175749,Core,Z3
z3-4.8.16,unsat,175749,Core,Z3
z3-4.8.17,unsat,175749,Core,Z3
z3-4.8.3,unsat,175749,Core,Z3
z3-4.8.4,unsat,175749,Core,Z3
z3-4.8.5,unsat,175749,Core,Z3
z3-4.8.6,unsat,175749,Core,Z3
z3-4.8.7,unsat,175749,Core,Z3
z3-4.8.8,unsat,175749,Core,Z3
z3-4.8.9,unsat,175749,Core,Z3
z3-4.9.0,unsat,175749,Core,Z3
z3-4.9.1,unsat,175749,Core,Z3
z3-4.8.1,crash,1742,Core,Z3
z3-4.8.3,crash,1742,Core,Z3
z3-4.8.4,crash,1742,Core,Z3
z3-4.8.5,crash,1742,Core,Z3
z3-4.8.6,crash,1759,Core,Z3
z3-4.8.7,crash,1759,Core,Z3
cvc4-1.7,sat,608074,FP,CVC4/5
cvc4-1.8,sat,616373,FP,CVC4/5
cvc5-0.0.10,sat,585813,FP,CVC4/5
cvc5-0.0.11,sat,585990,FP,CVC4/5
cvc5-0.0.12,sat,585761,FP,CVC4/5
cvc5-0.0.2,sat,586906,FP,CVC4/5
cvc5-0.0.3,sat,587063,FP,CVC4/5
cvc5-0.0.4,sat,586517,FP,CVC4/5
cvc5-0.0.5,sat,587015,FP,CVC4/5
cvc5-0.0.6,sat,587081,FP,CVC4/5
cvc5-0.0.7,sat,587005,FP,CVC4/5
cvc5-0.0.8,sat,585755,FP,CVC4/5
cvc5-1.0.0,sat,585190,FP,CVC4/5
cvc5-1.0.1,sat,593974,FP,CVC4/5
cvc5-1.0.2,sat,594198,FP,CVC4/5
cvc5-1.0.3,sat,632093,FP,CVC4/5
cvc5-1.0.4,sat,632932,FP,CVC4/5
cvc5-1.0.5,sat,632216,FP,CVC4/5
cvc5-1.0.6,sat,631177,FP,CVC4/5
cvc5-1.0.7,sat,631688,FP,CVC4/5
cvc5-1.0.8,sat,631516,FP,CVC4/5
cvc5-1.0.9,sat,626726,FP,CVC4/5
cvc5-1.1.0,sat,627012,FP,CVC4/5
cvc5-1.1.1,sat,620495,FP,CVC4/5
cvc5-1.1.2,sat,619798,FP,CVC4/5
z3-4.10.0,sat,600736,FP,Z3
z3-4.10.1,sat,600779,FP,Z3
z3-4.10.2,sat,600706,FP,Z3
z3-4.11.0,sat,600654,FP,Z3
z3-4.11.2,sat,600765,FP,Z3
z3-4.12.0,sat,591113,FP,Z3
z3-4.12.1,sat,591323,FP,Z3
z3-4.12.2,sat,583563,FP,Z3
z3-4.12.3,sat,601267,FP,Z3
z3-4.12.4,sat,601184,FP,Z3
z3-4.12.5,sat,601492,FP,Z3
z3-4.12.6,sat,601516,FP,Z3
z3-4.13.0,sat,601445,FP,Z3
z3-4.5.0,sat,598900,FP,Z3
z3-4.6.0,sat,595236,FP,Z3
z3-4.7.1,sat,595170,FP,Z3
z3-4.8.1,sat,597461,FP,Z3
z3-4.8.10,sat,601132,FP,Z3
z3-4.8.11,sat,599645,FP,Z3
z3-4.8.12,sat,599021,FP,Z3
z3-4.8.13,sat,600791,FP,Z3
z3-4.8.14,sat,600856,FP,Z3
z3-4.8.15,sat,600911,FP,Z3
z3-4.8.16,sat,600846,FP,Z3
z3-4.8.17,sat,600808,FP,Z3
z3-4.8.3,sat,599227,FP,Z3
z3-4.8.4,sat,602973,FP,Z3
z3-4.8.5,sat,601482,FP,Z3
z3-4.8.6,sat,597945,FP,Z3
z3-4.8.7,sat,598758,FP,Z3
z3-4.8.8,sat,599574,FP,Z3
z3-4.8.9,sat,583978,FP,Z3
z3-4.9.0,sat,600794,FP,Z3
z3-4.9.1,sat,600835,FP,Z3
cvc4-1.5,unsat,12,FP,CVC4/5
cvc4-1.6,unsat,12,FP,CVC4/5
cvc4-1.7,unsat,238526,FP,CVC4/5
cvc4-1.8,unsat,238590,FP,CVC4/5
cvc5-0.0.10,unsat,237906,FP,CVC4/5
cvc5-0.0.11,unsat,237907,FP,CVC4/5
cvc5-0.0.12,unsat,237911,FP,CVC4/5
cvc5-0.0.2,unsat,237890,FP,CVC4/5
cvc5-0.0.3,unsat,237900,FP,CVC4/5
cvc5-0.0.4,unsat,237908,FP,CVC4/5
cvc5-0.0.5,unsat,237904,FP,CVC4/5
cvc5-0.0.6,unsat,237913,FP,CVC4/5
cvc5-0.0.7,unsat,237913,FP,CVC4/5
cvc5-0.0.8,unsat,237899,FP,CVC4/5
cvc5-1.0.0,unsat,237899,FP,CVC4/5
cvc5-1.0.1,unsat,237904,FP,CVC4/5
cvc5-1.0.2,unsat,237901,FP,CVC4/5
cvc5-1.0.3,unsat,238486,FP,CVC4/5
cvc5-1.0.4,unsat,238497,FP,CVC4/5
cvc5-1.0.5,unsat,238494,FP,CVC4/5
cvc5-1.0.6,unsat,238479,FP,CVC4/5
cvc5-1.0.7,unsat,238477,FP,CVC4/5
cvc5-1.0.8,unsat,238473,FP,CVC4/5
cvc5-1.0.9,unsat,238437,FP,CVC4/5
cvc5-1.1.0,unsat,238435,FP,CVC4/5
cvc5-1.1.1,unsat,238496,FP,CVC4/5
cvc5-1.1.2,unsat,238481,FP,CVC4/5
z3-4.10.0,unsat,240280,FP,Z3
z3-4.10.1,unsat,240283,FP,Z3
z3-4.10.2,unsat,240279,FP,Z3
z3-4.11.0,unsat,240280,FP,Z3
z3-4.11.2,unsat,240281,FP,Z3
z3-4.12.0,unsat,240516,FP,Z3
z3-4.12.1,unsat,240518,FP,Z3
z3-4.12.2,unsat,240636,FP,Z3
z3-4.12.3,unsat,240855,FP,Z3
z3-4.12.4,unsat,240856,FP,Z3
z3-4.12.5,unsat,240866,FP,Z3
z3-4.12.6,unsat,240866,FP,Z3
z3-4.13.0,unsat,240862,FP,Z3
z3-4.5.0,unsat,240199,FP,Z3
z3-4.6.0,unsat,240282,FP,Z3
z3-4.7.1,unsat,240282,FP,Z3
z3-4.8.1,unsat,240282,FP,Z3
z3-4.8.10,unsat,240266,FP,Z3
z3-4.8.11,unsat,240223,FP,Z3
z3-4.8.12,unsat,240226,FP,Z3
z3-4.8.13,unsat,240280,FP,Z3
z3-4.8.14,unsat,240282,FP,Z3
z3-4.8.15,unsat,240284,FP,Z3
z3-4.8.16,unsat,240282,FP,Z3
z3-4.8.17,unsat,240280,FP,Z3
z3-4.8.3,unsat,240275,FP,Z3
z3-4.8.4,unsat,240402,FP,Z3
z3-4.8.5,unsat,240423,FP,Z3
z3-4.8.6,unsat,240243,FP,Z3
z3-4.8.7,unsat,240228,FP,Z3
z3-4.8.8,unsat,240227,FP,Z3
z3-4.8.9,unsat,240030,FP,Z3
z3-4.9.0,unsat,240282,FP,Z3
z3-4.9.1,unsat,240282,FP,Z3
z3-4.8.7,unknown,2,FP,Z3
cvc4-1.6,rejected,999987,FP,CVC4/5
cvc4-1.5,crash,999988,FP,CVC4/5
z3-4.5.0,unsoundness,177,FP,Z3
cvc5-1.0.6,invmodel,2,FP,CVC4/5
cvc5-1.0.7,invmodel,2,FP,CVC4/5
cvc5-1.0.8,invmodel,2,FP,CVC4/5
cvc5-1.0.9,invmodel,2,FP,CVC4/5
cvc5-1.1.0,invmodel,2,FP,CVC4/5
cvc5-1.1.1,invmodel,2,FP,CVC4/5
cvc5-1.1.2,invmodel,2,FP,CVC4/5
z3-4.10.0,invmodel,15,FP,Z3
z3-4.10.1,invmodel,15,FP,Z3
z3-4.10.2,invmodel,15,FP,Z3
z3-4.11.0,invmodel,15,FP,Z3
z3-4.11.2,invmodel,15,FP,Z3
z3-4.12.0,invmodel,35,FP,Z3
z3-4.12.1,invmodel,37,FP,Z3
z3-4.5.0,invmodel,4,FP,Z3
z3-4.9.0,invmodel,15,FP,Z3
z3-4.9.1,invmodel,15,FP,Z3
cvc4-1.5,sat,784932,Ints,CVC4/5
cvc4-1.6,sat,785096,Ints,CVC4/5
cvc4-1.7,sat,785096,Ints,CVC4/5
cvc4-1.8,sat,785104,Ints,CVC4/5
cvc5-0.0.10,sat,785196,Ints,CVC4/5
cvc5-0.0.11,sat,785196,Ints,CVC4/5
cvc5-0.0.12,sat,785196,Ints,CVC4/5
cvc5-0.0.2,sat,785148,Ints,CVC4/5
cvc5-0.0.3,sat,785148,Ints,CVC4/5
cvc5-0.0.4,sat,785148,Ints,CVC4/5
cvc5-0.0.5,sat,785148,Ints,CVC4/5
cvc5-0.0.6,sat,785148,Ints,CVC4/5
cvc5-0.0.7,sat,785148,Ints,CVC4/5
cvc5-0.0.8,sat,785196,Ints,CVC4/5
cvc5-1.0.0,sat,785196,Ints,CVC4/5
cvc5-1.0.1,sat,785196,Ints,CVC4/5
cvc5-1.0.2,sat,785196,Ints,CVC4/5
cvc5-1.0.3,sat,785196,Ints,CVC4/5
cvc5-1.0.4,sat,785196,Ints,CVC4/5
cvc5-1.0.5,sat,785196,Ints,CVC4/5
cvc5-1.0.6,sat,785196,Ints,CVC4/5
cvc5-1.0.7,sat,785196,Ints,CVC4/5
cvc5-1.0.8,sat,785196,Ints,CVC4/5
cvc5-1.0.9,sat,785196,Ints,CVC4/5
cvc5-1.1.0,sat,785196,Ints,CVC4/5
cvc5-1.1.1,sat,785196,Ints,CVC4/5
cvc5-1.1.2,sat,785196,Ints,CVC4/5
z3-4.10.0,sat,785196,Ints,Z3
z3-4.10.1,sat,785196,Ints,Z3
z3-4.10.2,sat,785191,Ints,Z3
z3-4.11.0,sat,785195,Ints,Z3
z3-4.11.2,sat,785192,Ints,Z3
z3-4.12.0,sat,785196,Ints,Z3
z3-4.12.1,sat,785196,Ints,Z3
z3-4.12.2,sat,785196,Ints,Z3
z3-4.12.3,sat,785196,Ints,Z3
z3-4.12.4,sat,785196,Ints,Z3
z3-4.12.5,sat,785196,Ints,Z3
z3-4.12.6,sat,785196,Ints,Z3
z3-4.13.0,sat,785196,Ints,Z3
z3-4.5.0,sat,659938,Ints,Z3
z3-4.6.0,sat,630684,Ints,Z3
z3-4.7.1,sat,637182,Ints,Z3
z3-4.8.1,sat,628398,Ints,Z3
z3-4.8.10,sat,785056,Ints,Z3
z3-4.8.11,sat,785145,Ints,Z3
z3-4.8.12,sat,785145,Ints,Z3
z3-4.8.13,sat,785154,Ints,Z3
z3-4.8.14,sat,785154,Ints,Z3
z3-4.8.15,sat,785131,Ints,Z3
z3-4.8.16,sat,785131,Ints,Z3
z3-4.8.17,sat,785131,Ints,Z3
z3-4.8.3,sat,614944,Ints,Z3
z3-4.8.4,sat,614944,Ints,Z3
z3-4.8.5,sat,610318,Ints,Z3
z3-4.8.6,sat,610315,Ints,Z3
z3-4.8.7,sat,705634,Ints,Z3
z3-4.8.8,sat,785076,Ints,Z3
z3-4.8.9,sat,785122,Ints,Z3
z3-4.9.0,sat,785131,Ints,Z3
z3-4.9.1,sat,785131,Ints,Z3
cvc4-1.5,unsat,214772,Ints,CVC4/5
cvc4-1.6,unsat,214804,Ints,CVC4/5
cvc4-1.7,unsat,214804,Ints,CVC4/5
cvc4-1.8,unsat,214804,Ints,CVC4/5
cvc5-0.0.10,unsat,214804,Ints,CVC4/5
cvc5-0.0.11,unsat,214804,Ints,CVC4/5
cvc5-0.0.12,unsat,214804,Ints,CVC4/5
cvc5-0.0.2,unsat,214804,Ints,CVC4/5
cvc5-0.0.3,unsat,214804,Ints,CVC4/5
cvc5-0.0.4,unsat,214804,Ints,CVC4/5
cvc5-0.0.5,unsat,214804,Ints,CVC4/5
cvc5-0.0.6,unsat,214804,Ints,CVC4/5
cvc5-0.0.7,unsat,214804,Ints,CVC4/5
cvc5-0.0.8,unsat,214804,Ints,CVC4/5
cvc5-1.0.0,unsat,214804,Ints,CVC4/5
cvc5-1.0.1,unsat,214804,Ints,CVC4/5
cvc5-1.0.2,unsat,214804,Ints,CVC4/5
cvc5-1.0.3,unsat,214804,Ints,CVC4/5
cvc5-1.0.4,unsat,214804,Ints,CVC4/5
cvc5-1.0.5,unsat,214804,Ints,CVC4/5
cvc5-1.0.6,unsat,214804,Ints,CVC4/5
cvc5-1.0.7,unsat,214804,Ints,CVC4/5
cvc5-1.0.8,unsat,214804,Ints,CVC4/5
cvc5-1.0.9,unsat,214804,Ints,CVC4/5
cvc5-1.1.0,unsat,214804,Ints,CVC4/5
cvc5-1.1.1,unsat,214804,Ints,CVC4/5
cvc5-1.1.2,unsat,214804,Ints,CVC4/5
z3-4.10.0,unsat,214804,Ints,Z3
z3-4.10.1,unsat,214804,Ints,Z3
z3-4.10.2,unsat,214804,Ints,Z3
z3-4.11.0,unsat,214804,Ints,Z3
z3-4.11.2,unsat,214804,Ints,Z3
z3-4.12.0,unsat,214804,Ints,Z3
z3-4.12.1,unsat,214804,Ints,Z3
z3-4.12.2,unsat,214804,Ints,Z3
z3-4.12.3,unsat,214804,Ints,Z3
z3-4.12.4,unsat,214804,Ints,Z3
z3-4.12.5,unsat,214804,Ints,Z3
z3-4.12.6,unsat,214804,Ints,Z3
z3-4.13.0,unsat,214804,Ints,Z3
z3-4.5.0,unsat,214760,Ints,Z3
z3-4.6.0,unsat,214168,Ints,Z3
z3-4.7.1,unsat,214276,Ints,Z3
z3-4.8.1,unsat,214804,Ints,Z3
z3-4.8.10,unsat,214804,Ints,Z3
z3-4.8.11,unsat,214804,Ints,Z3
z3-4.8.12,unsat,214804,Ints,Z3
z3-4.8.13,unsat,214804,Ints,Z3
z3-4.8.14,unsat,214804,Ints,Z3
z3-4.8.15,unsat,214804,Ints,Z3
z3-4.8.16,unsat,214804,Ints,Z3
z3-4.8.17,unsat,214804,Ints,Z3
z3-4.8.3,unsat,214804,Ints,Z3
z3-4.8.4,unsat,214804,Ints,Z3
z3-4.8.5,unsat,214804,Ints,Z3
z3-4.8.6,unsat,214804,Ints,Z3
z3-4.8.7,unsat,214804,Ints,Z3
z3-4.8.8,unsat,214804,Ints,Z3
z3-4.8.9,unsat,214804,Ints,Z3
z3-4.9.0,unsat,214804,Ints,Z3
z3-4.9.1,unsat,214804,Ints,Z3
cvc4-1.6,unknown,92,Ints,CVC4/5
cvc4-1.7,unknown,92,Ints,CVC4/5
cvc4-1.8,unknown,92,Ints,CVC4/5
cvc5-0.0.2,unknown,48,Ints,CVC4/5
cvc5-0.0.3,unknown,48,Ints,CVC4/5
cvc5-0.0.4,unknown,48,Ints,CVC4/5
cvc5-0.0.5,unknown,48,Ints,CVC4/5
cvc5-0.0.6,unknown,48,Ints,CVC4/5
cvc5-0.0.7,unknown,48,Ints,CVC4/5
z3-4.5.0,unknown,60,Ints,Z3
z3-4.8.1,unknown,89456,Ints,Z3
z3-4.8.3,unknown,89456,Ints,Z3
z3-4.8.4,unknown,89456,Ints,Z3
cvc4-1.5,crash,296,Ints,CVC4/5
cvc4-1.6,crash,8,Ints,CVC4/5
cvc4-1.7,crash,8,Ints,CVC4/5
z3-4.8.1,crash,800,Ints,Z3
z3-4.8.3,crash,800,Ints,Z3
z3-4.8.4,crash,800,Ints,Z3
z3-4.6.0,unsoundness,304,Ints,Z3
z3-4.7.1,unsoundness,836,Ints,Z3
z3-4.5.0,invmodel,124822,Ints,Z3
z3-4.6.0,invmodel,154698,Ints,Z3
z3-4.7.1,invmodel,147452,Ints,Z3
z3-4.8.1,invmodel,66429,Ints,Z3
z3-4.8.3,invmodel,79690,Ints,Z3
z3-4.8.4,invmodel,79690,Ints,Z3
z3-4.8.5,invmodel,174634,Ints,Z3
z3-4.8.6,invmodel,174640,Ints,Z3
z3-4.8.7,invmodel,79330,Ints,Z3
cvc4-1.5,sat,621341,RealInts,CVC4/5
cvc4-1.6,sat,672939,RealInts,CVC4/5
cvc4-1.7,sat,672500,RealInts,CVC4/5
cvc4-1.8,sat,675363,RealInts,CVC4/5
cvc5-0.0.10,sat,692652,RealInts,CVC4/5
cvc5-0.0.11,sat,692652,RealInts,CVC4/5
cvc5-0.0.12,sat,692652,RealInts,CVC4/5
cvc5-0.0.2,sat,676849,RealInts,CVC4/5
cvc5-0.0.3,sat,676849,RealInts,CVC4/5
cvc5-0.0.4,sat,676832,RealInts,CVC4/5
cvc5-0.0.5,sat,677204,RealInts,CVC4/5
cvc5-0.0.6,sat,677204,RealInts,CVC4/5
cvc5-0.0.7,sat,677204,RealInts,CVC4/5
cvc5-0.0.8,sat,690962,RealInts,CVC4/5
cvc5-1.0.0,sat,692652,RealInts,CVC4/5
cvc5-1.0.1,sat,692539,RealInts,CVC4/5
cvc5-1.0.2,sat,692539,RealInts,CVC4/5
cvc5-1.0.3,sat,692539,RealInts,CVC4/5
cvc5-1.0.4,sat,692539,RealInts,CVC4/5
cvc5-1.0.5,sat,692539,RealInts,CVC4/5
cvc5-1.0.6,sat,692539,RealInts,CVC4/5
cvc5-1.0.7,sat,692539,RealInts,CVC4/5
cvc5-1.0.8,sat,692539,RealInts,CVC4/5
cvc5-1.0.9,sat,692543,RealInts,CVC4/5
cvc5-1.1.0,sat,692543,RealInts,CVC4/5
cvc5-1.1.1,sat,692543,RealInts,CVC4/5
cvc5-1.1.2,sat,692543,RealInts,CVC4/5
z3-4.10.0,sat,663320,RealInts,Z3
z3-4.10.1,sat,663320,RealInts,Z3
z3-4.10.2,sat,663320,RealInts,Z3
z3-4.11.0,sat,663318,RealInts,Z3
z3-4.11.2,sat,663320,RealInts,Z3
z3-4.12.0,sat,663824,RealInts,Z3
z3-4.12.1,sat,663824,RealInts,Z3
z3-4.12.2,sat,667576,RealInts,Z3
z3-4.12.3,sat,667580,RealInts,Z3
z3-4.12.4,sat,667580,RealInts,Z3
z3-4.12.5,sat,667580,RealInts,Z3
z3-4.12.6,sat,667580,RealInts,Z3
z3-4.13.0,sat,667580,RealInts,Z3
z3-4.5.0,sat,612567,RealInts,Z3
z3-4.6.0,sat,579580,RealInts,Z3
z3-4.7.1,sat,579630,RealInts,Z3
z3-4.8.1,sat,579642,RealInts,Z3
z3-4.8.10,sat,663317,RealInts,Z3
z3-4.8.11,sat,663318,RealInts,Z3
z3-4.8.12,sat,663318,RealInts,Z3
z3-4.8.13,sat,663318,RealInts,Z3
z3-4.8.14,sat,663318,RealInts,Z3
z3-4.8.15,sat,663318,RealInts,Z3
z3-4.8.16,sat,663318,RealInts,Z3
z3-4.8.17,sat,663318,RealInts,Z3
z3-4.8.3,sat,579635,RealInts,Z3
z3-4.8.4,sat,579635,RealInts,Z3
z3-4.8.5,sat,579561,RealInts,Z3
z3-4.8.6,sat,582764,RealInts,Z3
z3-4.8.7,sat,575285,RealInts,Z3
z3-4.8.8,sat,661295,RealInts,Z3
z3-4.8.9,sat,663255,RealInts,Z3
z3-4.9.0,sat,663318,RealInts,Z3
z3-4.9.1,sat,663318,RealInts,Z3
cvc4-1.5,unsat,240026,RealInts,CVC4/5
cvc4-1.6,unsat,275980,RealInts,CVC4/5
cvc4-1.7,unsat,275984,RealInts,CVC4/5
cvc4-1.8,unsat,275383,RealInts,CVC4/5
cvc5-0.0.10,unsat,276493,RealInts,CVC4/5
cvc5-0.0.11,unsat,276493,RealInts,CVC4/5
cvc5-0.0.12,unsat,276493,RealInts,CVC4/5
cvc5-0.0.2,unsat,275927,RealInts,CVC4/5
cvc5-0.0.3,unsat,275927,RealInts,CVC4/5
cvc5-0.0.4,unsat,275927,RealInts,CVC4/5
cvc5-0.0.5,unsat,275915,RealInts,CVC4/5
cvc5-0.0.6,unsat,275915,RealInts,CVC4/5
cvc5-0.0.7,unsat,275915,RealInts,CVC4/5
cvc5-0.0.8,unsat,276493,RealInts,CVC4/5
cvc5-1.0.0,unsat,276493,RealInts,CVC4/5
cvc5-1.0.1,unsat,276493,RealInts,CVC4/5
cvc5-1.0.2,unsat,276493,RealInts,CVC4/5
cvc5-1.0.3,unsat,276493,RealInts,CVC4/5
cvc5-1.0.4,unsat,276493,RealInts,CVC4/5
cvc5-1.0.5,unsat,276493,RealInts,CVC4/5
cvc5-1.0.6,unsat,276495,RealInts,CVC4/5
cvc5-1.0.7,unsat,276495,RealInts,CVC4/5
cvc5-1.0.8,unsat,276495,RealInts,CVC4/5
cvc5-1.0.9,unsat,276499,RealInts,CVC4/5
cvc5-1.1.0,unsat,276499,RealInts,CVC4/5
cvc5-1.1.1,unsat,276499,RealInts,CVC4/5
cvc5-1.1.2,unsat,276499,RealInts,CVC4/5
z3-4.10.0,unsat,262676,RealInts,Z3
z3-4.10.1,unsat,262676,RealInts,Z3
z3-4.10.2,unsat,262676,RealInts,Z3
z3-4.11.0,unsat,262676,RealInts,Z3
z3-4.11.2,unsat,262676,RealInts,Z3
z3-4.12.0,unsat,262676,RealInts,Z3
z3-4.12.1,unsat,262676,RealInts,Z3
z3-4.12.2,unsat,262676,RealInts,Z3
z3-4.12.3,unsat,262691,RealInts,Z3
z3-4.12.4,unsat,262691,RealInts,Z3
z3-4.12.5,unsat,262691,RealInts,Z3
z3-4.12.6,unsat,262691,RealInts,Z3
z3-4.13.0,unsat,262691,RealInts,Z3
z3-4.5.0,unsat,262439,RealInts,Z3
z3-4.6.0,unsat,262619,RealInts,Z3
z3-4.7.1,unsat,262671,RealInts,Z3
z3-4.8.1,unsat,262669,RealInts,Z3
z3-4.8.10,unsat,262676,RealInts,Z3
z3-4.8.11,unsat,262676,RealInts,Z3
z3-4.8.12,unsat,262676,RealInts,Z3
z3-4.8.13,unsat,262676,RealInts,Z3
z3-4.8.14,unsat,262676,RealInts,Z3
z3-4.8.15,unsat,262676,RealInts,Z3
z3-4.8.16,unsat,262676,RealInts,Z3
z3-4.8.17,unsat,262676,RealInts,Z3
z3-4.8.3,unsat,262671,RealInts,Z3
z3-4.8.4,unsat,262671,RealInts,Z3
z3-4.8.5,unsat,262671,RealInts,Z3
z3-4.8.6,unsat,262691,RealInts,Z3
z3-4.8.7,unsat,262691,RealInts,Z3
z3-4.8.8,unsat,262691,RealInts,Z3
z3-4.8.9,unsat,262676,RealInts,Z3
z3-4.9.0,unsat,262676,RealInts,Z3
z3-4.9.1,unsat,262676,RealInts,Z3
cvc4-1.6,unknown,766,RealInts,CVC4/5
cvc4-1.7,unknown,529,RealInts,CVC4/5
cvc4-1.8,unknown,401,RealInts,CVC4/5
cvc5-0.0.10,unknown,190,RealInts,CVC4/5
cvc5-0.0.11,unknown,190,RealInts,CVC4/5
cvc5-0.0.12,unknown,190,RealInts,CVC4/5
cvc5-0.0.2,unknown,482,RealInts,CVC4/5
cvc5-0.0.3,unknown,482,RealInts,CVC4/5
cvc5-0.0.4,unknown,499,RealInts,CVC4/5
cvc5-0.0.5,unknown,275,RealInts,CVC4/5
cvc5-0.0.6,unknown,275,RealInts,CVC4/5
cvc5-0.0.7,unknown,275,RealInts,CVC4/5
cvc5-0.0.8,unknown,182,RealInts,CVC4/5
cvc5-1.0.0,unknown,190,RealInts,CVC4/5
cvc5-1.0.1,unknown,192,RealInts,CVC4/5
cvc5-1.0.2,unknown,192,RealInts,CVC4/5
cvc5-1.0.3,unknown,218,RealInts,CVC4/5
cvc5-1.0.4,unknown,218,RealInts,CVC4/5
cvc5-1.0.5,unknown,218,RealInts,CVC4/5
cvc5-1.0.6,unknown,218,RealInts,CVC4/5
cvc5-1.0.7,unknown,218,RealInts,CVC4/5
cvc5-1.0.8,unknown,218,RealInts,CVC4/5
cvc5-1.0.9,unknown,300,RealInts,CVC4/5
cvc5-1.1.0,unknown,300,RealInts,CVC4/5
cvc5-1.1.1,unknown,300,RealInts,CVC4/5
cvc5-1.1.2,unknown,300,RealInts,CVC4/5
z3-4.10.0,unknown,73986,RealInts,Z3
z3-4.10.1,unknown,73986,RealInts,Z3
z3-4.10.2,unknown,73986,RealInts,Z3
z3-4.11.0,unknown,73986,RealInts,Z3
z3-4.11.2,unknown,73986,RealInts,Z3
z3-4.12.0,unknown,73482,RealInts,Z3
z3-4.12.1,unknown,73482,RealInts,Z3
z3-4.12.2,unknown,69726,RealInts,Z3
z3-4.12.3,unknown,69726,RealInts,Z3
z3-4.12.4,unknown,69726,RealInts,Z3
z3-4.12.5,unknown,69726,RealInts,Z3
z3-4.12.6,unknown,69726,RealInts,Z3
z3-4.13.0,unknown,69726,RealInts,Z3
z3-4.5.0,unknown,75703,RealInts,Z3
z3-4.6.0,unknown,75091,RealInts,Z3
z3-4.7.1,unknown,75159,RealInts,Z3
z3-4.8.1,unknown,105687,RealInts,Z3
z3-4.8.10,unknown,73986,RealInts,Z3
z3-4.8.11,unknown,73986,RealInts,Z3
z3-4.8.12,unknown,73986,RealInts,Z3
z3-4.8.13,unknown,73986,RealInts,Z3
z3-4.8.14,unknown,73986,RealInts,Z3
z3-4.8.15,unknown,73986,RealInts,Z3
z3-4.8.16,unknown,73986,RealInts,Z3
z3-4.8.17,unknown,73986,RealInts,Z3
z3-4.8.3,unknown,105680,RealInts,Z3
z3-4.8.4,unknown,105680,RealInts,Z3
z3-4.8.5,unknown,75164,RealInts,Z3
z3-4.8.6,unknown,75003,RealInts,Z3
z3-4.8.7,unknown,146168,RealInts,Z3
z3-4.8.8,unknown,76012,RealInts,Z3
z3-4.8.9,unknown,73986,RealInts,Z3
z3-4.9.0,unknown,73986,RealInts,Z3
z3-4.9.1,unknown,73986,RealInts,Z3
cvc4-1.5,rejected,138513,RealInts,CVC4/5
cvc4-1.8,rejected,11430,RealInts,CVC4/5
cvc5-0.0.2,rejected,288,RealInts,CVC4/5
cvc5-0.0.3,rejected,288,RealInts,CVC4/5
cvc5-0.0.4,rejected,288,RealInts,CVC4/5
cvc5-0.0.5,rejected,288,RealInts,CVC4/5
cvc5-0.0.6,rejected,288,RealInts,CVC4/5
cvc5-0.0.7,rejected,288,RealInts,CVC4/5
cvc4-1.5,crash,117,RealInts,CVC4/5
cvc4-1.6,crash,12265,RealInts,CVC4/5
cvc4-1.7,crash,12924,RealInts,CVC4/5
z3-4.8.1,crash,520,RealInts,Z3
z3-4.8.3,crash,520,RealInts,Z3
z3-4.8.4,crash,520,RealInts,Z3
cvc4-1.8,unsoundness,2,RealInts,CVC4/5
cvc5-0.0.2,unsoundness,74,RealInts,CVC4/5
cvc5-0.0.3,unsoundness,74,RealInts,CVC4/5
cvc5-0.0.4,unsoundness,74,RealInts,CVC4/5
cvc5-0.0.5,unsoundness,74,RealInts,CVC4/5
cvc5-0.0.6,unsoundness,74,RealInts,CVC4/5
cvc5-0.0.7,unsoundness,74,RealInts,CVC4/5
cvc4-1.6,invmodel,5,RealInts,CVC4/5
cvc4-1.8,invmodel,29,RealInts,CVC4/5
z3-4.5.0,invmodel,49289,RealInts,Z3
z3-4.6.0,invmodel,82705,RealInts,Z3
z3-4.7.1,invmodel,82535,RealInts,Z3
z3-4.8.1,invmodel,51482,RealInts,Z3
z3-4.8.3,invmodel,51492,RealInts,Z3
z3-4.8.4,invmodel,51492,RealInts,Z3
z3-4.8.5,invmodel,82602,RealInts,Z3
z3-4.8.6,invmodel,79540,RealInts,Z3
z3-4.8.7,invmodel,15854,RealInts,Z3
cvc4-1.5,sat,660690,Reals,CVC4/5
cvc4-1.6,sat,713658,Reals,CVC4/5
cvc4-1.7,sat,713181,Reals,CVC4/5
cvc4-1.8,sat,720635,Reals,CVC4/5
cvc5-0.0.10,sat,737824,Reals,CVC4/5
cvc5-0.0.11,sat,737824,Reals,CVC4/5
cvc5-0.0.12,sat,737824,Reals,CVC4/5
cvc5-0.0.2,sat,722187,Reals,CVC4/5
cvc5-0.0.3,sat,722187,Reals,CVC4/5
cvc5-0.0.4,sat,722207,Reals,CVC4/5
cvc5-0.0.5,sat,723205,Reals,CVC4/5
cvc5-0.0.6,sat,723205,Reals,CVC4/5
cvc5-0.0.7,sat,723205,Reals,CVC4/5
cvc5-0.0.8,sat,737824,Reals,CVC4/5
cvc5-1.0.0,sat,737824,Reals,CVC4/5
cvc5-1.0.1,sat,740056,Reals,CVC4/5
cvc5-1.0.2,sat,740056,Reals,CVC4/5
cvc5-1.0.3,sat,740060,Reals,CVC4/5
cvc5-1.0.4,sat,740060,Reals,CVC4/5
cvc5-1.0.5,sat,740060,Reals,CVC4/5
cvc5-1.0.6,sat,740060,Reals,CVC4/5
cvc5-1.0.7,sat,740060,Reals,CVC4/5
cvc5-1.0.8,sat,740060,Reals,CVC4/5
cvc5-1.0.9,sat,737346,Reals,CVC4/5
cvc5-1.1.0,sat,737346,Reals,CVC4/5
cvc5-1.1.1,sat,737342,Reals,CVC4/5
cvc5-1.1.2,sat,737354,Reals,CVC4/5
z3-4.10.0,sat,723895,Reals,Z3
z3-4.10.1,sat,723895,Reals,Z3
z3-4.10.2,sat,723895,Reals,Z3
z3-4.11.0,sat,723895,Reals,Z3
z3-4.11.2,sat,723895,Reals,Z3
z3-4.12.0,sat,725575,Reals,Z3
z3-4.12.1,sat,725575,Reals,Z3
z3-4.12.2,sat,725575,Reals,Z3
z3-4.12.3,sat,725575,Reals,Z3
z3-4.12.4,sat,725575,Reals,Z3
z3-4.12.5,sat,725575,Reals,Z3
z3-4.12.6,sat,725575,Reals,Z3
z3-4.13.0,sat,725575,Reals,Z3
z3-4.5.0,sat,641053,Reals,Z3
z3-4.6.0,sat,586519,Reals,Z3
z3-4.7.1,sat,586519,Reals,Z3
z3-4.8.1,sat,598443,Reals,Z3
z3-4.8.10,sat,723895,Reals,Z3
z3-4.8.11,sat,723895,Reals,Z3
z3-4.8.12,sat,723895,Reals,Z3
z3-4.8.13,sat,723895,Reals,Z3
z3-4.8.14,sat,723895,Reals,Z3
z3-4.8.15,sat,723895,Reals,Z3
z3-4.8.16,sat,723895,Reals,Z3
z3-4.8.17,sat,723895,Reals,Z3
z3-4.8.3,sat,598443,Reals,Z3
z3-4.8.4,sat,598443,Reals,Z3
z3-4.8.5,sat,628951,Reals,Z3
z3-4.8.6,sat,646501,Reals,Z3
z3-4.8.7,sat,706105,Reals,Z3
z3-4.8.8,sat,723895,Reals,Z3
z3-4.8.9,sat,723895,Reals,Z3
z3-4.9.0,sat,723895,Reals,Z3
z3-4.9.1,sat,723895,Reals,Z3
cvc4-1.5,unsat,173892,Reals,CVC4/5
cvc4-1.6,unsat,207293,Reals,CVC4/5
cvc4-1.7,unsat,207301,Reals,CVC4/5
cvc4-1.8,unsat,206737,Reals,CVC4/5
cvc5-0.0.10,unsat,207207,Reals,CVC4/5
cvc5-0.0.11,unsat,207207,Reals,CVC4/5
cvc5-0.0.12,unsat,207207,Reals,CVC4/5
cvc5-0.0.2,unsat,207183,Reals,CVC4/5
cvc5-0.0.3,unsat,207183,Reals,CVC4/5
cvc5-0.0.4,unsat,207183,Reals,CVC4/5
cvc5-0.0.5,unsat,207183,Reals,CVC4/5
cvc5-0.0.6,unsat,207183,Reals,CVC4/5
cvc5-0.0.7,unsat,207183,Reals,CVC4/5
cvc5-0.0.8,unsat,207207,Reals,CVC4/5
cvc5-1.0.0,unsat,207207,Reals,CVC4/5
cvc5-1.0.1,unsat,207207,Reals,CVC4/5
cvc5-1.0.2,unsat,207207,Reals,CVC4/5
cvc5-1.0.3,unsat,207207,Reals,CVC4/5
cvc5-1.0.4,unsat,207207,Reals,CVC4/5
cvc5-1.0.5,unsat,207207,Reals,CVC4/5
cvc5-1.0.6,unsat,207209,Reals,CVC4/5
cvc5-1.0.7,unsat,207209,Reals,CVC4/5
cvc5-1.0.8,unsat,207209,Reals,CVC4/5
cvc5-1.0.9,unsat,207207,Reals,CVC4/5
cvc5-1.1.0,unsat,207207,Reals,CVC4/5
cvc5-1.1.1,unsat,207207,Reals,CVC4/5
cvc5-1.1.2,unsat,207207,Reals,CVC4/5
z3-4.10.0,unsat,196245,Reals,Z3
z3-4.10.1,unsat,196245,Reals,Z3
z3-4.10.2,unsat,196245,Reals,Z3
z3-4.11.0,unsat,196245,Reals,Z3
z3-4.11.2,unsat,196245,Reals,Z3
z3-4.12.0,unsat,196245,Reals,Z3
z3-4.12.1,unsat,196245,Reals,Z3
z3-4.12.2,unsat,196245,Reals,Z3
z3-4.12.3,unsat,196245,Reals,Z3
z3-4.12.4,unsat,196245,Reals,Z3
z3-4.12.5,unsat,196245,Reals,Z3
z3-4.12.6,unsat,196245,Reals,Z3
z3-4.13.0,unsat,196245,Reals,Z3
z3-4.5.0,unsat,195805,Reals,Z3
z3-4.6.0,unsat,196157,Reals,Z3
z3-4.7.1,unsat,196157,Reals,Z3
z3-4.8.1,unsat,196157,Reals,Z3
z3-4.8.10,unsat,196245,Reals,Z3
z3-4.8.11,unsat,196245,Reals,Z3
z3-4.8.12,unsat,196245,Reals,Z3
z3-4.8.13,unsat,196245,Reals,Z3
z3-4.8.14,unsat,196245,Reals,Z3
z3-4.8.15,unsat,196245,Reals,Z3
z3-4.8.16,unsat,196245,Reals,Z3
z3-4.8.17,unsat,196245,Reals,Z3
z3-4.8.3,unsat,196157,Reals,Z3
z3-4.8.4,unsat,196157,Reals,Z3
z3-4.8.5,unsat,196157,Reals,Z3
z3-4.8.6,unsat,196245,Reals,Z3
z3-4.8.7,unsat,196245,Reals,Z3
z3-4.8.8,unsat,196245,Reals,Z3
z3-4.8.9,unsat,196245,Reals,Z3
z3-4.9.0,unsat,196245,Reals,Z3
z3-4.9.1,unsat,196245,Reals,Z3
cvc4-1.6,unknown,34267,Reals,CVC4/5
cvc4-1.7,unknown,34212,Reals,CVC4/5
cvc4-1.8,unknown,10540,Reals,CVC4/5
cvc5-0.0.10,unknown,27364,Reals,CVC4/5
cvc5-0.0.11,unknown,27364,Reals,CVC4/5
cvc5-0.0.12,unknown,27364,Reals,CVC4/5
cvc5-0.0.2,unknown,10594,Reals,CVC4/5
cvc5-0.0.3,unknown,10594,Reals,CVC4/5
cvc5-0.0.4,unknown,10666,Reals,CVC4/5
cvc5-0.0.5,unknown,9624,Reals,CVC4/5
cvc5-0.0.6,unknown,9624,Reals,CVC4/5
cvc5-0.0.7,unknown,9624,Reals,CVC4/5
cvc5-0.0.8,unknown,27152,Reals,CVC4/5
cvc5-1.0.0,unknown,27364,Reals,CVC4/5
cvc5-1.0.1,unknown,26644,Reals,CVC4/5
cvc5-1.0.2,unknown,26644,Reals,CVC4/5
cvc5-1.0.3,unknown,26908,Reals,CVC4/5
cvc5-1.0.4,unknown,26908,Reals,CVC4/5
cvc5-1.0.5,unknown,26908,Reals,CVC4/5
cvc5-1.0.6,unknown,26908,Reals,CVC4/5
cvc5-1.0.7,unknown,26908,Reals,CVC4/5
cvc5-1.0.8,unknown,26908,Reals,CVC4/5
cvc5-1.0.9,unknown,32856,Reals,CVC4/5
cvc5-1.1.0,unknown,32856,Reals,CVC4/5
cvc5-1.1.1,unknown,32856,Reals,CVC4/5
cvc5-1.1.2,unknown,32832,Reals,CVC4/5
z3-4.10.0,unknown,79860,Reals,Z3
z3-4.10.1,unknown,79860,Reals,Z3
z3-4.10.2,unknown,79860,Reals,Z3
z3-4.11.0,unknown,79860,Reals,Z3
z3-4.11.2,unknown,79860,Reals,Z3
z3-4.12.0,unknown,78180,Reals,Z3
z3-4.12.1,unknown,78180,Reals,Z3
z3-4.12.2,unknown,78180,Reals,Z3
z3-4.12.3,unknown,78180,Reals,Z3
z3-4.12.4,unknown,78180,Reals,Z3
z3-4.12.5,unknown,78180,Reals,Z3
z3-4.12.6,unknown,78180,Reals,Z3
z3-4.13.0,unknown,78180,Reals,Z3
z3-4.5.0,unknown,111410,Reals,Z3
z3-4.6.0,unknown,108720,Reals,Z3
z3-4.7.1,unknown,108720,Reals,Z3
z3-4.8.1,unknown,139414,Reals,Z3
z3-4.8.10,unknown,79860,Reals,Z3
z3-4.8.11,unknown,79860,Reals,Z3
z3-4.8.12,unknown,79860,Reals,Z3
z3-4.8.13,unknown,79860,Reals,Z3
z3-4.8.14,unknown,79860,Reals,Z3
z3-4.8.15,unknown,79860,Reals,Z3
z3-4.8.16,unknown,79860,Reals,Z3
z3-4.8.17,unknown,79860,Reals,Z3
z3-4.8.3,unknown,139414,Reals,Z3
z3-4.8.4,unknown,139414,Reals,Z3
z3-4.8.5,unknown,79860,Reals,Z3
z3-4.8.6,unknown,80340,Reals,Z3
z3-4.8.7,unknown,80340,Reals,Z3
z3-4.8.8,unknown,79860,Reals,Z3
z3-4.8.9,unknown,79860,Reals,Z3
z3-4.9.0,unknown,79860,Reals,Z3
z3-4.9.1,unknown,79860,Reals,Z3
cvc4-1.5,rejected,162480,Reals,CVC4/5
cvc4-1.8,rejected,6679,Reals,CVC4/5
cvc5-0.0.2,rejected,1412,Reals,CVC4/5
cvc5-0.0.3,rejected,1412,Reals,CVC4/5
cvc5-0.0.4,rejected,1384,Reals,CVC4/5
cvc5-0.0.5,rejected,1344,Reals,CVC4/5
cvc5-0.0.6,rejected,1344,Reals,CVC4/5
cvc5-0.0.7,rejected,1344,Reals,CVC4/5
cvc4-1.5,crash,2938,Reals,CVC4/5
cvc4-1.6,crash,10729,Reals,CVC4/5
cvc4-1.7,crash,11185,Reals,CVC4/5
z3-4.8.1,crash,920,Reals,Z3
z3-4.8.3,crash,920,Reals,Z3
z3-4.8.4,crash,920,Reals,Z3
cvc5-0.0.2,unsoundness,256,Reals,CVC4/5
cvc5-0.0.3,unsoundness,256,Reals,CVC4/5
cvc5-0.0.4,unsoundness,256,Reals,CVC4/5
cvc5-0.0.5,unsoundness,256,Reals,CVC4/5
cvc5-0.0.6,unsoundness,256,Reals,CVC4/5
cvc5-0.0.7,unsoundness,256,Reals,CVC4/5
cvc4-1.6,invmodel,20,Reals,CVC4/5
cvc4-1.8,invmodel,60,Reals,CVC4/5
z3-4.5.0,invmodel,51732,Reals,Z3
z3-4.6.0,invmodel,108604,Reals,Z3
z3-4.7.1,invmodel,108604,Reals,Z3
z3-4.8.1,invmodel,65066,Reals,Z3
z3-4.8.3,invmodel,65066,Reals,Z3
z3-4.8.4,invmodel,65066,Reals,Z3
z3-4.8.5,invmodel,95032,Reals,Z3
z3-4.8.6,invmodel,76914,Reals,Z3
z3-4.8.7,invmodel,17310,Reals,Z3
cvc4-1.5,sat,251090,Strings,CVC4/5
cvc4-1.6,sat,350718,Strings,CVC4/5
cvc4-1.7,sat,350350,Strings,CVC4/5
cvc4-1.8,sat,893529,Strings,CVC4/5
cvc5-0.0.10,sat,893478,Strings,CVC4/5
cvc5-0.0.11,sat,893478,Strings,CVC4/5
cvc5-0.0.12,sat,893475,Strings,CVC4/5
cvc5-0.0.2,sat,893426,Strings,CVC4/5
cvc5-0.0.3,sat,893441,Strings,CVC4/5
cvc5-0.0.4,sat,893533,Strings,CVC4/5
cvc5-0.0.5,sat,893541,Strings,CVC4/5
cvc5-0.0.6,sat,893540,Strings,CVC4/5
cvc5-0.0.7,sat,893539,Strings,CVC4/5
cvc5-0.0.8,sat,893470,Strings,CVC4/5
cvc5-1.0.0,sat,893477,Strings,CVC4/5
cvc5-1.0.1,sat,893499,Strings,CVC4/5
cvc5-1.0.2,sat,893500,Strings,CVC4/5
cvc5-1.0.3,sat,893471,Strings,CVC4/5
cvc5-1.0.4,sat,893486,Strings,CVC4/5
cvc5-1.0.5,sat,893456,Strings,CVC4/5
cvc5-1.0.6,sat,893526,Strings,CVC4/5
cvc5-1.0.7,sat,893526,Strings,CVC4/5
cvc5-1.0.8,sat,893523,Strings,CVC4/5
cvc5-1.0.9,sat,893523,Strings,CVC4/5
cvc5-1.1.0,sat,893526,Strings,CVC4/5
cvc5-1.1.1,sat,893544,Strings,CVC4/5
cvc5-1.1.2,sat,893568,Strings,CVC4/5
z3-4.10.0,sat,671839,Strings,Z3
z3-4.10.1,sat,671848,Strings,Z3
z3-4.10.2,sat,671842,Strings,Z3
z3-4.11.0,sat,672054,Strings,Z3
z3-4.11.2,sat,671827,Strings,Z3
z3-4.12.0,sat,672229,Strings,Z3
z3-4.12.1,sat,672231,Strings,Z3
z3-4.12.2,sat,672667,Strings,Z3
z3-4.12.3,sat,672685,Strings,Z3
z3-4.12.4,sat,672684,Strings,Z3
z3-4.12.5,sat,672693,Strings,Z3
z3-4.12.6,sat,672693,Strings,Z3
z3-4.13.0,sat,672690,Strings,Z3
z3-4.5.0,sat,204303,Strings,Z3
z3-4.6.0,sat,222865,Strings,Z3
z3-4.7.1,sat,231992,Strings,Z3
z3-4.8.1,sat,231812,Strings,Z3
z3-4.8.10,sat,668413,Strings,Z3
z3-4.8.11,sat,668583,Strings,Z3
z3-4.8.12,sat,670437,Strings,Z3
z3-4.8.13,sat,672092,Strings,Z3
z3-4.8.14,sat,671843,Strings,Z3
z3-4.8.15,sat,671986,Strings,Z3
z3-4.8.16,sat,672003,Strings,Z3
z3-4.8.17,sat,671805,Strings,Z3
z3-4.8.3,sat,222563,Strings,Z3
z3-4.8.4,sat,272674,Strings,Z3
z3-4.8.5,sat,272738,Strings,Z3
z3-4.8.6,sat,274171,Strings,Z3
z3-4.8.7,sat,274155,Strings,Z3
z3-4.8.8,sat,350500,Strings,Z3
z3-4.8.9,sat,433066,Strings,Z3
z3-4.9.0,sat,671824,Strings,Z3
z3-4.9.1,sat,671819,Strings,Z3
cvc4-1.5,unsat,24382,Strings,CVC4/5
cvc4-1.6,unsat,42977,Strings,CVC4/5
cvc4-1.7,unsat,42990,Strings,CVC4/5
cvc4-1.8,unsat,99728,Strings,CVC4/5
cvc5-0.0.10,unsat,99771,Strings,CVC4/5
cvc5-0.0.11,unsat,99775,Strings,CVC4/5
cvc5-0.0.12,unsat,99772,Strings,CVC4/5
cvc5-0.0.2,unsat,99734,Strings,CVC4/5
cvc5-0.0.3,unsat,99744,Strings,CVC4/5
cvc5-0.0.4,unsat,99810,Strings,CVC4/5
cvc5-0.0.5,unsat,99818,Strings,CVC4/5
cvc5-0.0.6,unsat,99816,Strings,CVC4/5
cvc5-0.0.7,unsat,99821,Strings,CVC4/5
cvc5-0.0.8,unsat,99768,Strings,CVC4/5
cvc5-1.0.0,unsat,99774,Strings,CVC4/5
cvc5-1.0.1,unsat,99794,Strings,CVC4/5
cvc5-1.0.2,unsat,99786,Strings,CVC4/5
cvc5-1.0.3,unsat,99777,Strings,CVC4/5
cvc5-1.0.4,unsat,99779,Strings,CVC4/5
cvc5-1.0.5,unsat,99774,Strings,CVC4/5
cvc5-1.0.6,unsat,99841,Strings,CVC4/5
cvc5-1.0.7,unsat,99842,Strings,CVC4/5
cvc5-1.0.8,unsat,99841,Strings,CVC4/5
cvc5-1.0.9,unsat,99843,Strings,CVC4/5
cvc5-1.1.0,unsat,99844,Strings,CVC4/5
cvc5-1.1.1,unsat,99843,Strings,CVC4/5
cvc5-1.1.2,unsat,99817,Strings,CVC4/5
z3-4.10.0,unsat,82719,Strings,Z3
z3-4.10.1,unsat,82719,Strings,Z3
z3-4.10.2,unsat,82719,Strings,Z3
z3-4.11.0,unsat,82723,Strings,Z3
z3-4.11.2,unsat,82719,Strings,Z3
z3-4.12.0,unsat,82694,Strings,Z3
z3-4.12.1,unsat,82694,Strings,Z3
z3-4.12.2,unsat,82695,Strings,Z3
z3-4.12.3,unsat,82710,Strings,Z3
z3-4.12.4,unsat,82710,Strings,Z3
z3-4.12.5,unsat,82710,Strings,Z3
z3-4.12.6,unsat,82710,Strings,Z3
z3-4.13.0,unsat,82710,Strings,Z3
z3-4.5.0,unsat,27306,Strings,Z3
z3-4.6.0,unsat,33944,Strings,Z3
z3-4.7.1,unsat,35561,Strings,Z3
z3-4.8.1,unsat,35545,Strings,Z3
z3-4.8.10,unsat,82531,Strings,Z3
z3-4.8.11,unsat,82630,Strings,Z3
z3-4.8.12,unsat,82780,Strings,Z3
z3-4.8.13,unsat,82710,Strings,Z3
z3-4.8.14,unsat,82715,Strings,Z3
z3-4.8.15,unsat,82715,Strings,Z3
z3-4.8.16,unsat,82715,Strings,Z3
z3-4.8.17,unsat,82709,Strings,Z3
z3-4.8.3,unsat,36397,Strings,Z3
z3-4.8.4,unsat,36957,Strings,Z3
z3-4.8.5,unsat,36957,Strings,Z3
z3-4.8.6,unsat,42974,Strings,Z3
z3-4.8.7,unsat,42974,Strings,Z3
z3-4.8.8,unsat,42972,Strings,Z3
z3-4.8.9,unsat,54161,Strings,Z3
z3-4.9.0,unsat,82719,Strings,Z3
z3-4.9.1,unsat,82719,Strings,Z3
z3-4.10.0,unknown,240173,Strings,Z3
z3-4.10.1,unknown,240176,Strings,Z3
z3-4.10.2,unknown,240175,Strings,Z3
z3-4.11.0,unknown,239845,Strings,Z3
z3-4.11.2,unknown,240173,Strings,Z3
z3-4.12.0,unknown,239765,Strings,Z3
z3-4.12.1,unknown,239765,Strings,Z3
z3-4.12.2,unknown,239830,Strings,Z3
z3-4.12.3,unknown,239791,Strings,Z3
z3-4.12.4,unknown,239791,Strings,Z3
z3-4.12.5,unknown,239791,Strings,Z3
z3-4.12.6,unknown,239695,Strings,Z3
z3-4.13.0,unknown,239695,Strings,Z3
z3-4.6.0,unknown,31610,Strings,Z3
z3-4.7.1,unknown,32323,Strings,Z3
z3-4.8.1,unknown,32408,Strings,Z3
z3-4.8.10,unknown,244684,Strings,Z3
z3-4.8.11,unknown,244653,Strings,Z3
z3-4.8.12,unknown,242456,Strings,Z3
z3-4.8.13,unknown,240146,Strings,Z3
z3-4.8.14,unknown,240163,Strings,Z3
z3-4.8.15,unknown,240174,Strings,Z3
z3-4.8.16,unknown,240173,Strings,Z3
z3-4.8.17,unknown,240180,Strings,Z3
z3-4.8.3,unknown,49516,Strings,Z3
z3-4.8.9,unknown,508656,Strings,Z3
z3-4.9.0,unknown,240167,Strings,Z3
z3-4.9.1,unknown,240173,Strings,Z3
cvc4-1.5,rejected,689360,Strings,CVC4/5
cvc4-1.6,rejected,606048,Strings,CVC4/5
cvc4-1.7,rejected,606048,Strings,CVC4/5
cvc4-1.8,rejected,3488,Strings,CVC4/5
cvc5-0.0.10,rejected,3488,Strings,CVC4/5
cvc5-0.0.11,rejected,3488,Strings,CVC4/5
cvc5-0.0.12,rejected,3488,Strings,CVC4/5
cvc5-0.0.2,rejected,3488,Strings,CVC4/5
cvc5-0.0.3,rejected,3488,Strings,CVC4/5
cvc5-0.0.4,rejected,3488,Strings,CVC4/5
cvc5-0.0.5,rejected,3488,Strings,CVC4/5
cvc5-0.0.6,rejected,3488,Strings,CVC4/5
cvc5-0.0.7,rejected,3488,Strings,CVC4/5
cvc5-0.0.8,rejected,3488,Strings,CVC4/5
cvc5-1.0.0,rejected,3488,Strings,CVC4/5
cvc5-1.0.1,rejected,3488,Strings,CVC4/5
cvc5-1.0.2,rejected,3488,Strings,CVC4/5
cvc5-1.0.3,rejected,3488,Strings,CVC4/5
cvc5-1.0.4,rejected,3488,Strings,CVC4/5
cvc5-1.0.5,rejected,3488,Strings,CVC4/5
cvc5-1.0.6,rejected,3488,Strings,CVC4/5
cvc5-1.0.7,rejected,3488,Strings,CVC4/5
cvc5-1.0.8,rejected,3488,Strings,CVC4/5
cvc5-1.0.9,rejected,3488,Strings,CVC4/5
cvc5-1.1.0,rejected,3488,Strings,CVC4/5
cvc5-1.1.1,rejected,3488,Strings,CVC4/5
cvc5-1.1.2,rejected,3488,Strings,CVC4/5
z3-4.10.0,rejected,3368,Strings,Z3
z3-4.10.1,rejected,3368,Strings,Z3
z3-4.10.2,rejected,3368,Strings,Z3
z3-4.11.0,rejected,3368,Strings,Z3
z3-4.11.2,rejected,3368,Strings,Z3
z3-4.12.0,rejected,3368,Strings,Z3
z3-4.12.1,rejected,3368,Strings,Z3
z3-4.12.2,rejected,3368,Strings,Z3
z3-4.12.3,rejected,3368,Strings,Z3
z3-4.12.4,rejected,3368,Strings,Z3
z3-4.12.5,rejected,3368,Strings,Z3
z3-4.12.6,rejected,3368,Strings,Z3
z3-4.13.0,rejected,3368,Strings,Z3
z3-4.5.0,rejected,689360,Strings,Z3
z3-4.6.0,rejected,689360,Strings,Z3
z3-4.7.1,rejected,689360,Strings,Z3
z3-4.8.1,rejected,689360,Strings,Z3
z3-4.8.10,rejected,3368,Strings,Z3
z3-4.8.11,rejected,3368,Strings,Z3
z3-4.8.12,rejected,3368,Strings,Z3
z3-4.8.13,rejected,3368,Strings,Z3
z3-4.8.14,rejected,3368,Strings,Z3
z3-4.8.15,rejected,3368,Strings,Z3
z3-4.8.16,rejected,3368,Strings,Z3
z3-4.8.17,rejected,3368,Strings,Z3
z3-4.8.3,rejected,689360,Strings,Z3
z3-4.8.4,rejected,689360,Strings,Z3
z3-4.8.5,rejected,689360,Strings,Z3
z3-4.8.6,rejected,606048,Strings,Z3
z3-4.8.7,rejected,606048,Strings,Z3
z3-4.8.8,rejected,606048,Strings,Z3
z3-4.8.9,rejected,3368,Strings,Z3
z3-4.9.0,rejected,3368,Strings,Z3
z3-4.9.1,rejected,3368,Strings,Z3
cvc4-1.5,crash,21108,Strings,CVC4/5
cvc4-1.6,crash,81,Strings,CVC4/5
cvc4-1.7,crash,600,Strings,CVC4/5
cvc4-1.5,unsoundness,14044,Strings,CVC4/5
z3-4.5.0,unsoundness,6391,Strings,Z3
z3-4.6.0,unsoundness,6830,Strings,Z3
z3-4.7.1,unsoundness,3720,Strings,Z3
z3-4.8.1,unsoundness,3750,Strings,Z3
z3-4.8.3,unsoundness,554,Strings,Z3
z3-4.8.4,unsoundness,516,Strings,Z3
z3-4.8.5,unsoundness,516,Strings,Z3
z3-4.8.6,unsoundness,785,Strings,Z3
z3-4.8.7,unsoundness,785,Strings,Z3
cvc4-1.6,invmodel,108,Strings,CVC4/5
z3-4.5.0,invmodel,70312,Strings,Z3
z3-4.6.0,invmodel,14678,Strings,Z3
z3-4.7.1,invmodel,6347,Strings,Z3
z3-4.8.1,invmodel,6091,Strings,Z3
z3-4.8.10,invmodel,20,Strings,Z3
z3-4.8.3,invmodel,462,Strings,Z3
z3-4.8.4,invmodel,88,Strings,Z3
z3-4.8.5,invmodel,12,Strings,Z3
z3-4.8.6,invmodel,74846,Strings,Z3
z3-4.8.7,invmodel,74818,Strings,Z3
